<?xml-stylesheet type='text/xsl' href='prgs.xsl'?><Objects>
  <Charset>UTF-8</Charset>
  <Path>file:///C:/Program Files (x86)/GeneXus/GeneXus17Trial/</Path>
  <Object>
    <ObjCls>0</ObjCls>
    <ObjName>Customer</ObjName>
    <ObjDesc>Customer</ObjDesc>
    <ObjLink>customer.aspx</ObjLink>
  </Object>
  <Object>
    <ObjCls>0</ObjCls>
    <ObjName>Category</ObjName>
    <ObjDesc>Category</ObjDesc>
    <ObjLink>category.aspx</ObjLink>
  </Object>
  <Object>
    <ObjCls>0</ObjCls>
    <ObjName>Flight</ObjName>
    <ObjDesc>Flight</ObjDesc>
    <ObjLink>flight.aspx</ObjLink>
  </Object>
  <Object>
    <ObjCls>0</ObjCls>
    <ObjName>Airport</ObjName>
    <ObjDesc>Airport</ObjDesc>
    <ObjLink>airport.aspx</ObjLink>
  </Object>
  <Object>
    <ObjCls>0</ObjCls>
    <ObjName>Airlane</ObjName>
    <ObjDesc>Airlane</ObjDesc>
    <ObjLink>airlane.aspx</ObjLink>
  </Object>
  <Object>
    <ObjCls>0</ObjCls>
    <ObjName>Supplier</ObjName>
    <ObjDesc>Supplier</ObjDesc>
    <ObjLink>supplier.aspx</ObjLink>
  </Object>
  <Object>
    <ObjCls>0</ObjCls>
    <ObjName>AttractionWithoutParameters</ObjName>
    <ObjDesc>Attraction Without Parameters</ObjDesc>
    <ObjLink>attractionwithoutparameters.aspx</ObjLink>
  </Object>
  <Object>
    <ObjCls>0</ObjCls>
    <ObjName>Trip</ObjName>
    <ObjDesc>Trip</ObjDesc>
    <ObjLink>trip.aspx</ObjLink>
  </Object>
  <Object>
    <ObjCls>13</ObjCls>
    <ObjName>Home</ObjName>
    <ObjDesc>Home</ObjDesc>
    <ObjLink>home.aspx</ObjLink>
  </Object>
  <Object>
    <ObjCls>13</ObjCls>
    <ObjName>WWCountry</ObjName>
    <ObjDesc>Countries</ObjDesc>
    <ObjLink>wwcountry.aspx</ObjLink>
  </Object>
  <Object>
    <ObjCls>13</ObjCls>
    <ObjName>WWAttraction</ObjName>
    <ObjDesc>Attractions</ObjDesc>
    <ObjLink>wwattraction.aspx</ObjLink>
  </Object>
  <Object>
    <ObjCls>13</ObjCls>
    <ObjName>EnterAttractionFilter</ObjName>
    <ObjDesc>Enter Attraction Filter</ObjDesc>
    <ObjLink>enterattractionfilter.aspx</ObjLink>
  </Object>
  <Object>
    <ObjCls>13</ObjCls>
    <ObjName>CategoriesandAttractions</ObjName>
    <ObjDesc>Categoriesand Attractions</ObjDesc>
    <ObjLink>categoriesandattractions.aspx</ObjLink>
  </Object>
  <Object>
    <ObjCls>13</ObjCls>
    <ObjName>MassiveInsertRemove</ObjName>
    <ObjDesc>Massive Insert Remove</ObjDesc>
    <ObjLink>massiveinsertremove.aspx</ObjLink>
  </Object>
  <Object>
    <ObjCls>13</ObjCls>
    <ObjName>WWAttractionsFromScratch</ObjName>
    <ObjDesc>WWAttractions From Scratch</ObjDesc>
    <ObjLink>wwattractionsfromscratch.aspx</ObjLink>
  </Object>
  <Object>
    <ObjCls>13</ObjCls>
    <ObjName>WWAttractionsFromScratch2</ObjName>
    <ObjDesc>WWAttractions From Scratch2</ObjDesc>
    <ObjLink>wwattractionsfromscratch2.aspx</ObjLink>
  </Object>
</Objects>